timestamp,code,city,temperature,pressure_kpa,humidity_relative,wind_speed_kmh
2025-01-01 00:00:00,LAVR,Lavras,27.97,99.61,0.558,11.787
2025-01-01 00:10:00,BRAU,Braúnas,20.44,100.36,0.642,21.174
2025-01-01 00:20:00,CAMH,Campanha,32.02,102.89,0.694,17.023
2025-01-01 00:30:00,NOVA,Nova Belém,29.12,101.47,0.402,10.271
2025-01-01 00:40:00,BRAZ,Brazópolis,28.43,102.6,0.428,10.784
2025-01-01 00:50:00,PALM,Palma,25.17,101.47,0.623,15.81
2025-01-01 01:00:00,FRAN,Francisco Badaró,24.21,102.6,0.895,6.077
2025-01-01 01:10:00,MIRD,Miradouro,18.69,101.13,0.433,5.922
2025-01-01 01:20:00,SIMA,Simão Pereira,16.61,100.75,0.937,19.198
2025-01-01 01:30:00,PONT,Ponte Nova,23.34,100.64,0.945,16.6
2025-01-01 01:40:00,IRAI,Iraí de Minas,21.32,98.57,0.687,9.551
2025-01-01 01:50:00,BRAI,Brasilândia de Minas,34.5,98.47,0.667,0.102
2025-01-01 02:00:00,RESE,Resende Costa,33.18,102.28,0.435,4.729
2025-01-01 02:10:00,BARR,Barra Longa,18.27,100.68,0.374,8.608
2025-01-01 02:20:00,DORD,Dores do Indaiá,33.42,101.62,0.562,15.208
2025-01-01 02:30:00,CAJU,Cajuri,28.06,102.09,0.854,21.893
2025-01-01 02:40:00,SENO,Senador Firmino,24.24,100.84,0.419,24.207
2025-01-01 02:50:00,SOLE,Soledade de Minas,18.35,99.44,0.406,0.416
2025-01-01 03:00:00,PLAN,Planura,21.78,102.77,0.908,17.392
2025-01-01 03:10:00,SACR,Sacramento,30.5,102.77,0.52,8.606
2025-01-01 03:20:00,SASV,São Sebastião do Rio Verde,24.2,102.65,0.794,8.868
2025-01-01 03:30:00,SANH,Santa Helena de Minas,17.91,98.29,0.918,11.343
2025-01-01 03:40:00,BAEP,Baependi,19.2,98.35,0.419,17.769
2025-01-01 03:50:00,PIRA,Piracema,19.5,100.5,0.421,23.452
2025-01-01 04:00:00,CAMD,Campo do Meio,27.07,99.64,0.565,16.214
2025-01-01 04:10:00,TOCA,Tocantins,34.1,99.83,0.546,2.533
2025-01-01 04:20:00,BAND,Bandeira,17.32,99.1,0.737,7.94
2025-01-01 04:30:00,PORT,Porteirinha,19.2,100.56,0.606,17.612
2025-01-01 04:40:00,ESPI,Espinosa,25.86,102.16,0.552,22.12
2025-01-01 04:50:00,VIRI,Virgínia,33.42,100.85,0.896,12.115
2025-01-01 05:00:00,SAJS,São João das Missões,22.78,101.12,0.81,19.505
2025-01-01 05:10:00,NOVO,Nova Porteirinha,19.03,100.62,0.433,18.085
2025-01-01 05:20:00,ITAH,Itanhandu,20.85,100.27,0.596,18.013
2025-01-01 05:30:00,UBER,Uberaba,30.01,100.42,0.771,18.761
2025-01-01 05:40:00,SASE,São José do Divino,29.13,99.85,0.446,11.281
2025-01-01 05:50:00,LAGS,Lagoa Santa,27.91,100.61,0.812,1.414
2025-01-01 06:00:00,TRES,Três Corações,30.89,99.36,0.487,22.946
2025-01-01 06:10:00,SALT,Salto da Divisa,16.12,100.22,0.916,20.838
2025-01-01 06:20:00,CALD,Caldas,30.29,101.54,0.619,20.664
2025-01-01 06:30:00,VISC,Visconde do Rio Branco,23.54,99.94,0.46,1.608
2025-01-01 06:40:00,FRAS,Franciscópolis,33.22,100.18,0.537,6.102
2025-01-01 06:50:00,SATL,São Tomé das Letras,28.28,99.33,0.692,19.954
2025-01-01 07:00:00,CACH,Cachoeira da Prata,29.98,101.49,0.649,6.976
2025-01-01 07:10:00,JOSR,José Raydan,30.67,99.32,0.508,14.478
2025-01-01 07:20:00,REDU,Reduto,28.3,102.46,0.586,5.102
2025-01-01 07:30:00,CAMP,Campanário,32.45,98.8,0.419,11.961
2025-01-01 07:40:00,UMBU,Umburatiba,19.2,100.12,0.429,2.805
2025-01-01 07:50:00,CHAL,Chalé,31.19,101.54,0.449,12.298
2025-01-01 08:00:00,ITAN,Itamonte,25.15,98.04,0.871,4.902
2025-01-01 08:10:00,OLIV,Oliveira,20.05,98.48,0.693,2.074
2025-01-01 08:20:00,BERT,Bertópolis,21.52,98.35,0.591,24.34
2025-01-01 08:30:00,VERM,Vermelho Novo,32.91,102.16,0.925,9.707
2025-01-01 08:40:00,UBAI,Ubaí,22.09,101.93,0.715,16.446
2025-01-01 08:50:00,FRAS,Franciscópolis,17.53,101.92,0.697,18.284
2025-01-01 09:00:00,VISC,Visconde do Rio Branco,18.86,102.03,0.634,24.161
2025-01-01 09:10:00,PEDT,Pedro Teixeira,33.33,102.81,0.848,1.764
2025-01-01 09:20:00,CATU,Catuji,29.01,101.29,0.618,24.056
2025-01-01 09:30:00,LUZX,Luz,33.83,99.38,0.64,4.586
2025-01-01 09:40:00,CARV,Carvalhópolis,27.87,102.95,0.915,2.002
2025-01-01 09:50:00,TIRA,Tiradentes,21.51,98.41,0.323,9.1
2025-01-01 10:00:00,CARS,Carmópolis de Minas,15.52,98.47,0.576,15.181
2025-01-01 10:10:00,TIRO,Tiros,34.44,99.35,0.839,11.455
2025-01-01 10:20:00,SOBR,Sobrália,33.76,100.19,0.812,4.892
2025-01-01 10:30:00,SANZ,Santa Cruz do Escalvado,20.0,99.44,0.443,3.365
2025-01-01 10:40:00,PAIP,Pai Pedro,17.02,102.26,0.685,20.089
2025-01-01 10:50:00,BOAE,Boa Esperança,32.01,98.42,0.435,10.704
2025-01-01 11:00:00,SAOC,São Francisco,28.32,101.05,0.643,15.421
2025-01-01 11:10:00,JORD,Jordânia,21.95,98.79,0.709,8.248
2025-01-01 11:20:00,TURM,Turmalina,22.19,101.08,0.696,2.533
2025-01-01 11:30:00,FARI,Faria Lemos,29.74,99.63,0.864,14.838
2025-01-01 11:40:00,CAML,Campo Belo,27.28,99.79,0.803,15.927
2025-01-01 11:50:00,ITIN,Itinga,26.93,99.38,0.811,14.479
2025-01-01 12:00:00,MURI,Muriaé,30.39,102.32,0.587,10.176
2025-01-01 12:10:00,ALBE,Albertina,29.7,99.79,0.72,19.53
2025-01-01 12:20:00,CORP,Coronel Pacheco,34.86,102.51,0.789,11.064
2025-01-01 12:30:00,ENGE,Engenheiro Caldas,19.46,99.12,0.79,0.268
2025-01-01 12:40:00,IGAR,Igarapé,18.74,100.65,0.643,22.826
2025-01-01 12:50:00,PESC,Pescador,22.89,99.55,0.457,17.331
2025-01-01 13:00:00,SANB,Santa Bárbara do Monte Verde,34.01,102.03,0.901,7.499
2025-01-01 13:10:00,MUZA,Muzambinho,17.9,101.38,0.382,18.096
2025-01-01 13:20:00,LUIL,Luislândia,24.74,102.15,0.625,12.648
2025-01-01 13:30:00,JOSN,Josenópolis,24.86,100.07,0.547,6.119
2025-01-01 13:40:00,CAPN,Capinópolis,15.77,102.18,0.309,14.183
2025-01-01 13:50:00,PEDI,Pedrinópolis,30.95,102.07,0.423,15.834
2025-01-01 14:00:00,MANT,Mantena,19.0,101.94,0.445,6.224
2025-01-01 14:10:00,IPAN,Ipanema,29.04,100.38,0.533,2.557
2025-01-01 14:20:00,SATC,Santana do Riacho,33.92,99.53,0.637,2.677
2025-01-01 14:30:00,DION,Dionísio,24.53,100.08,0.56,22.591
2025-01-01 14:40:00,CAMN,Camanducaia,34.69,99.51,0.869,3.936
2025-01-01 14:50:00,ARCO,Arcos,21.43,99.04,0.634,18.278
2025-01-01 15:00:00,MANT,Mantena,15.45,102.12,0.721,5.086
2025-01-01 15:10:00,FRAI,Francisco Sá,32.11,102.83,0.717,6.107
2025-01-01 15:20:00,ITPE,Itapecerica,31.9,100.31,0.807,9.384
2025-01-01 15:30:00,VARE,Vargem Bonita,21.0,102.86,0.858,14.611
2025-01-01 15:40:00,JANU,Januária,22.06,102.42,0.755,3.167
2025-01-01 15:50:00,COSO,Consolação,31.69,101.22,0.868,15.497
2025-01-01 16:00:00,ITAO,Itamogi,27.74,100.0,0.493,6.387
2025-01-01 16:10:00,GUIR,Guiricema,22.59,100.52,0.947,6.25
2025-01-01 16:20:00,LAJI,Lajinha,15.14,101.19,0.698,9.994
2025-01-01 16:30:00,MARL,Marilac,24.84,101.62,0.413,9.223
2025-01-01 16:40:00,FREI,Frei Gaspar,32.51,102.81,0.515,18.924
2025-01-01 16:50:00,DESE,Desterro do Melo,32.26,101.63,0.392,15.205
2025-01-01 17:00:00,DELF,Delfim Moreira,22.1,99.82,0.831,9.232
2025-01-01 17:10:00,RIOR,Rio Pardo de Minas,25.15,102.79,0.814,5.811
2025-01-01 17:20:00,MATS,Matias Cardoso,15.43,98.61,0.635,5.513
2025-01-01 17:30:00,CAEE,Caeté,19.94,99.31,0.358,1.038
2025-01-01 17:40:00,JURA,Juramento,21.0,100.84,0.722,9.422
2025-01-01 17:50:00,ESPI,Espinosa,26.77,99.59,0.612,18.706
2025-01-01 18:00:00,CARP,Carmo do Paranaíba,30.74,98.04,0.885,22.816
2025-01-01 18:10:00,SENO,Senador Firmino,29.52,101.6,0.58,16.37
2025-01-01 18:20:00,PEDD,Pedra do Anta,25.4,98.11,0.712,15.024
2025-01-01 18:30:00,RUBI,Rubim,29.11,101.82,0.566,21.342
2025-01-01 18:40:00,SAND,Santa Maria do Salto,24.27,102.67,0.886,12.636
2025-01-01 18:50:00,MALA,Malacacheta,18.38,102.48,0.874,13.051
2025-01-01 19:00:00,MURI,Muriaé,28.6,98.97,0.743,11.619
2025-01-01 19:10:00,IMBE,Imbé de Minas,28.8,99.31,0.464,22.855
2025-01-01 19:20:00,AGUC,Água Comprida,31.9,102.45,0.34,2.819
2025-01-01 19:30:00,DEST,Desterro de Entre Rios,21.24,101.16,0.688,10.984
2025-01-01 19:40:00,DORE,Dores de Campos,24.66,101.82,0.567,11.429
2025-01-01 19:50:00,SAIA,São Tiago,20.6,99.59,0.834,22.651
2025-01-01 20:00:00,SAGT,São Gotardo,22.88,99.7,0.659,14.339
2025-01-01 20:10:00,FREN,Frei Inocêncio,20.14,99.03,0.599,7.338
2025-01-01 20:20:00,ITAJ,Itajubá,32.46,99.97,0.582,7.157
2025-01-01 20:30:00,ALVO,Alvorada de Minas,23.69,100.17,0.804,10.824
2025-01-01 20:40:00,TREP,Três Pontas,24.31,99.43,0.597,24.98
2025-01-01 20:50:00,JOSR,José Raydan,17.0,102.07,0.874,8.899
2025-01-01 21:00:00,CARE,Careaçu,18.39,100.19,0.576,21.201
2025-01-01 21:10:00,CAME,Campestre,32.44,99.86,0.451,14.484
2025-01-01 21:20:00,PITA,Pitangui,34.64,98.01,0.373,22.191
2025-01-01 21:30:00,SATG,Santana do Garambéu,32.66,101.44,0.672,23.718
2025-01-01 21:40:00,ALTO,Alto Caparaó,33.54,98.82,0.337,10.762
2025-01-01 21:50:00,CONH,Congonhas,18.37,102.76,0.56,18.053
2025-01-01 22:00:00,NOVM,Nova Módica,34.51,100.94,0.84,15.781
2025-01-01 22:10:00,CAMD,Campo do Meio,24.54,101.32,0.404,12.952
2025-01-01 22:20:00,RAUL,Raul Soares,32.06,102.26,0.696,21.002
2025-01-01 22:30:00,CORF,Córrego Fundo,25.25,101.83,0.581,4.421
2025-01-01 22:40:00,IBIC,Ibiraci,15.77,102.85,0.421,22.98
2025-01-01 22:50:00,DOMV,Dom Viçoso,24.85,99.45,0.89,18.699
2025-01-01 23:00:00,ASTO,Astolfo Dutra,21.57,100.5,0.722,0.547
2025-01-01 23:10:00,FELX,Felixlândia,15.72,99.68,0.748,21.519
2025-01-01 23:20:00,AGUN,Aguanil,26.32,98.95,0.711,10.958
2025-01-01 23:30:00,PARC,Paracatu,28.04,102.46,0.727,20.441
2025-01-01 23:40:00,PINT,Pintópolis,15.66,100.81,0.458,14.367
2025-01-01 23:50:00,CORX,Coronel Xavier Chaves,20.46,100.42,0.33,22.996
2025-01-02 00:00:00,PONO,Ponto Chique,20.67,101.01,0.332,22.947
2025-01-02 00:10:00,ITIN,Itinga,34.94,98.18,0.537,17.997
2025-01-02 00:20:00,CARO,Carmo da Cachoeira,21.92,99.87,0.652,17.319
2025-01-02 00:30:00,PAUI,Paulistas,22.57,98.35,0.772,19.056
2025-01-02 00:40:00,ORAT,Oratórios,28.36,102.22,0.407,1.777
2025-01-02 00:50:00,BARS,Barroso,30.48,101.12,0.305,2.531
2025-01-02 01:00:00,CRUZ,Cruzeiro da Fortaleza,31.51,102.03,0.615,21.902
2025-01-02 01:10:00,BOCA,Bocaina de Minas,20.76,98.75,0.615,5.105
2025-01-02 01:20:00,PONT,Ponte Nova,15.07,102.21,0.336,19.815
2025-01-02 01:30:00,DIIS,Divisópolis,21.97,98.51,0.569,24.643
2025-01-02 01:40:00,BALD,Baldim,32.57,100.97,0.697,5.171
2025-01-02 01:50:00,BONF,Bonfim,29.38,98.6,0.77,10.207
2025-01-02 02:00:00,SATQ,São Tomás de Aquino,33.16,99.5,0.358,2.899
2025-01-02 02:10:00,TOLE,Toledo,20.54,101.12,0.443,9.4
2025-01-02 02:20:00,FERN,Fernandes Tourinho,22.03,98.98,0.841,23.279
2025-01-02 02:30:00,IPAT,Ipatinga,26.42,98.1,0.798,24.185
2025-01-02 02:40:00,ROSA,Rosário da Limeira,26.02,102.37,0.666,8.265
2025-01-02 02:50:00,FROT,Fronteira dos Vales,25.39,98.08,0.79,9.948
2025-01-02 03:00:00,IAPU,Iapu,27.6,101.13,0.61,18.093
2025-01-02 03:10:00,JORD,Jordânia,30.3,102.71,0.708,10.48
2025-01-02 03:20:00,GUIR,Guiricema,19.03,102.84,0.897,8.516
2025-01-02 03:30:00,IGUA,Iguatama,18.9,102.92,0.803,11.728
2025-01-02 03:40:00,SASE,São José do Divino,20.38,99.22,0.495,1.939
2025-01-02 03:50:00,FRAI,Francisco Sá,15.49,98.13,0.399,11.538
2025-01-02 04:00:00,SAJV,São José da Varginha,32.94,98.74,0.628,3.423
2025-01-02 04:10:00,SAOT,Santo Antônio do Monte,31.55,101.4,0.52,5.911
2025-01-02 04:20:00,GUAX,Guaxupé,24.92,100.9,0.916,7.962
2025-01-02 04:30:00,ANTI,Antônio Prado de Minas,29.42,101.41,0.809,22.566
2025-01-02 04:40:00,FRAI,Francisco Sá,16.4,100.54,0.301,2.261
2025-01-02 04:50:00,ATAL,Ataléia,33.56,99.46,0.532,15.907
2025-01-02 05:00:00,AGUS,Águas Formosas,22.93,99.76,0.71,16.249
2025-01-02 05:10:00,CHIA,Chiador,20.74,100.17,0.672,18.807
2025-01-02 05:20:00,SAOH,São João do Manhuaçu,16.47,100.11,0.857,4.675
2025-01-02 05:30:00,TUPA,Tupaciguara,21.82,99.43,0.334,18.035
2025-01-02 05:40:00,CARL,Carlos Chagas,28.14,102.56,0.622,1.673
2025-01-02 05:50:00,UBAP,Ubaporanga,34.86,100.99,0.533,4.965
2025-01-02 06:00:00,BAMB,Bambuí,34.95,98.81,0.63,14.668
2025-01-02 06:10:00,CACE,Cachoeira de Pajeú,32.01,100.61,0.879,13.547
2025-01-02 06:20:00,JUAT,Juatuba,26.35,98.54,0.844,9.007
2025-01-02 06:30:00,CORX,Coronel Xavier Chaves,29.98,102.5,0.872,24.287
2025-01-02 06:40:00,PAPA,Papagaios,20.71,102.97,0.372,15.175
2025-01-02 06:50:00,GAME,Gameleiras,28.33,102.55,0.765,16.012
2025-01-02 07:00:00,CONA,Conceição das Pedras,21.56,98.51,0.684,6.28
2025-01-02 07:10:00,SANJ,Santa Juliana,33.61,102.48,0.641,9.852
2025-01-02 07:20:00,CORN,Corinto,15.79,101.39,0.837,24.785
2025-01-02 07:30:00,CATU,Catuji,34.26,100.87,0.423,7.434
2025-01-02 07:40:00,GONZ,Gonzaga,23.82,99.39,0.696,9.816
2025-01-02 07:50:00,SAOV,São João Evangelista,31.42,100.91,0.938,7.023
2025-01-02 08:00:00,DIVL,Divinolândia de Minas,20.22,99.16,0.665,16.648
2025-01-02 08:10:00,CASA,Casa Grande,15.23,100.36,0.382,4.224
2025-01-02 08:20:00,CAPU,Caputira,19.6,102.24,0.689,19.63
2025-01-02 08:30:00,PIRG,Piranguçu,30.67,98.36,0.312,17.345
2025-01-02 08:40:00,CONT,Congonhas do Norte,32.13,98.76,0.789,21.721
2025-01-02 08:50:00,SANN,Santa Rita de Jacutinga,30.47,102.79,0.569,21.351
2025-01-02 09:00:00,MATI,Matias Barbosa,24.86,100.68,0.919,24.648
2025-01-02 09:10:00,ORAT,Oratórios,21.8,102.27,0.517,11.685
2025-01-02 09:20:00,VERD,Verdelândia,20.52,98.92,0.757,23.143
2025-01-02 09:30:00,CORO,Coroaci,30.39,102.98,0.575,2.324
2025-01-02 09:40:00,LIMA,Lima Duarte,16.0,101.28,0.748,12.558
2025-01-02 09:50:00,ARAJ,Araújos,16.32,102.97,0.37,22.443
2025-01-02 10:00:00,SAOC,São Francisco,21.35,100.78,0.557,18.687
2025-01-02 10:10:00,PEDS,Pedras de Maria da Cruz,21.94,102.42,0.764,21.407
2025-01-02 10:20:00,ALTR,Alto Rio Doce,22.64,102.07,0.543,5.927
2025-01-02 10:30:00,URUU,Urucuia,24.15,98.31,0.786,6.567
2025-01-02 10:40:00,SASE,São José do Divino,30.84,101.73,0.467,22.161
2025-01-02 10:50:00,JAMP,Jampruca,24.99,100.85,0.719,5.599
2025-01-02 11:00:00,CAML,Campo Belo,17.04,99.87,0.792,11.899
2025-01-02 11:10:00,NATA,Natalândia,20.47,98.22,0.822,17.345
2025-01-02 11:20:00,SARZ,Sarzedo,28.6,98.48,0.379,15.042
2025-01-02 11:30:00,SAJL,São José da Lapa,33.46,102.6,0.532,8.024
2025-01-02 11:40:00,COQU,Coqueiral,19.53,98.42,0.702,7.888
2025-01-02 11:50:00,PAIV,Paiva,25.12,99.23,0.903,9.231
2025-01-02 12:00:00,PARI,Paraisópolis,23.43,98.7,0.302,1.754
2025-01-02 12:10:00,JUVE,Juvenília,34.97,102.67,0.947,15.761
2025-01-02 12:20:00,MONB,Monte Belo,23.38,101.56,0.542,13.751
2025-01-02 12:30:00,CARB,Carbonita,26.31,102.56,0.9,7.783
2025-01-02 12:40:00,ELOI,Elói Mendes,16.68,100.86,0.422,22.502
2025-01-02 12:50:00,LUIS,Luisburgo,16.37,100.51,0.321,16.149
2025-01-02 13:00:00,REDU,Reduto,19.89,102.9,0.791,11.614
2025-01-02 13:10:00,CORM,Coromandel,22.13,101.24,0.853,8.642
2025-01-02 13:20:00,SANR,Santa Bárbara do Tugúrio,23.83,101.45,0.337,0.749
2025-01-02 13:30:00,VARL,Varzelândia,19.05,100.38,0.367,4.776
2025-01-02 13:40:00,ENGE,Engenheiro Caldas,28.31,100.57,0.378,8.374
2025-01-02 13:50:00,SAOE,São Geraldo,21.93,101.13,0.357,1.114
2025-01-02 14:00:00,PATC,Patrocínio do Muriaé,27.55,101.25,0.589,3.869
2025-01-02 14:10:00,GOUV,Gouveia,19.65,100.23,0.564,10.345
2025-01-02 14:20:00,VAZA,Vazante,26.27,101.99,0.945,11.17
2025-01-02 14:30:00,IGAR,Igarapé,30.99,99.73,0.369,22.551
2025-01-02 14:40:00,PARA,Pará de Minas,22.93,98.07,0.94,19.293
2025-01-02 14:50:00,DORE,Dores de Campos,19.24,102.03,0.529,7.951
2025-01-02 15:00:00,RIBI,Ribeirão Vermelho,16.95,98.5,0.651,20.189
2025-01-02 15:10:00,PORT,Porteirinha,29.6,100.99,0.851,0.022
2025-01-02 15:20:00,ESPR,Espírito Santo do Dourado,23.32,102.13,0.557,15.25
2025-01-02 15:30:00,BELA,Bela Vista de Minas,16.67,102.5,0.761,10.563
2025-01-02 15:40:00,ASTO,Astolfo Dutra,21.49,100.41,0.314,23.775
2025-01-02 15:50:00,VICO,Viçosa,29.75,99.1,0.667,14.331
2025-01-02 16:00:00,COIM,Coimbra,21.49,101.19,0.391,23.107
2025-01-02 16:10:00,ARAO,Araporã,31.58,101.11,0.778,18.82
2025-01-02 16:20:00,CARE,Careaçu,26.29,98.71,0.778,6.959
2025-01-02 16:30:00,MARO,Mário Campos,25.45,98.28,0.753,24.587
2025-01-02 16:40:00,MARL,Marilac,17.5,101.61,0.57,18.727
2025-01-02 16:50:00,JOAO,João Monlevade,25.26,98.54,0.881,13.642
2025-01-02 17:00:00,IBER,Ibertioga,33.63,99.92,0.603,2.902
2025-01-02 17:10:00,JOAI,Joaíma,34.79,98.19,0.755,13.842
2025-01-02 17:20:00,MATE,Materlândia,23.42,102.83,0.816,17.775
2025-01-02 17:30:00,LASS,Lassance,29.64,98.11,0.366,19.354
2025-01-02 17:40:00,JABO,Jaboticatubas,25.53,98.96,0.454,14.513
2025-01-02 17:50:00,FRAN,Francisco Badaró,31.13,102.06,0.903,1.172
2025-01-02 18:00:00,CRIS,Crisólita,25.94,101.31,0.945,8.503
2025-01-02 18:10:00,TARU,Tarumirim,20.85,100.13,0.797,2.264
2025-01-02 18:20:00,SAPU,Sapucaí-Mirim,27.12,102.93,0.463,4.739
2025-01-02 18:30:00,SENH,Senhora de Oliveira,31.04,101.95,0.396,20.182
2025-01-02 18:40:00,NOVU,Nova União,27.45,101.69,0.901,10.589
2025-01-02 18:50:00,BRAZ,Brazópolis,26.97,98.26,0.658,19.671
2025-01-02 19:00:00,DOMJ,Dom Joaquim,32.56,101.27,0.375,8.487
2025-01-02 19:10:00,SATQ,São Tomás de Aquino,24.35,99.68,0.756,23.396
2025-01-02 19:20:00,SACR,Sacramento,21.93,101.96,0.89,0.747
2025-01-02 19:30:00,OLHO,Olhos-d'Água,27.65,101.42,0.64,10.375
2025-01-02 19:40:00,MORA,Morada Nova de Minas,16.06,99.8,0.517,19.31
2025-01-02 19:50:00,VIRG,Virgem da Lapa,27.15,101.07,0.349,11.454
2025-01-02 20:00:00,RIOP,Rio Paranaíba,18.53,99.22,0.905,7.47
2025-01-02 20:10:00,CAPE,Capela Nova,15.41,100.32,0.784,21.593
2025-01-02 20:20:00,SAOE,São Geraldo,23.32,100.49,0.69,20.101
2025-01-02 20:30:00,SATE,Santana do Deserto,33.62,99.78,0.644,16.977
2025-01-02 20:40:00,MONT,Montalvânia,18.78,99.05,0.756,22.4
2025-01-02 20:50:00,POCS,Poços de Caldas,15.72,102.68,0.421,17.956
2025-01-02 21:00:00,MADR,Madre de Deus de Minas,29.1,98.17,0.359,7.198
2025-01-02 21:10:00,DURA,Durandé,24.87,102.1,0.674,6.349
2025-01-02 21:20:00,VARZ,Várzea da Palma,28.47,101.04,0.726,17.19
2025-01-02 21:30:00,RESP,Resplendor,25.14,99.5,0.705,24.169
2025-01-02 21:40:00,GALI,Galiléia,15.52,98.53,0.601,21.845
2025-01-02 21:50:00,ITAU,Itambacuri,15.62,100.81,0.939,19.372
2025-01-02 22:00:00,JAMP,Jampruca,33.57,101.35,0.683,19.588
2025-01-02 22:10:00,SATN,Santana de Cataguases,21.26,102.12,0.439,2.622
2025-01-02 22:20:00,MANH,Manhuaçu,15.77,102.73,0.743,1.627
2025-01-02 22:30:00,JAIB,Jaíba,28.16,98.0,0.469,22.992
2025-01-02 22:40:00,ROMA,Romaria,33.08,101.51,0.927,10.285
2025-01-02 22:50:00,SATM,Santana do Manhuaçu,33.14,99.84,0.938,10.801
2025-01-02 23:00:00,VARM,Vargem Grande do Rio Pardo,25.25,102.4,0.504,1.831
2025-01-02 23:10:00,FREN,Frei Inocêncio,32.55,102.19,0.573,2.214
2025-01-02 23:20:00,ACAI,Acaiaca,21.13,101.72,0.635,6.415
2025-01-02 23:30:00,SAPR,São Pedro dos Ferros,21.91,99.82,0.926,13.459
2025-01-02 23:40:00,FUNI,Funilândia,21.68,102.22,0.716,18.201
2025-01-02 23:50:00,MIND,Minduri,26.91,100.17,0.943,19.837
2025-01-03 00:00:00,PASS,Passa Quatro,15.44,99.88,0.756,24.594
2025-01-03 00:10:00,ARGI,Argirita,29.63,98.52,0.59,3.611
2025-01-03 00:20:00,SAOR,São Brás do Suaçuí,32.16,99.85,0.76,21.349
2025-01-03 00:30:00,SENR,Senador José Bento,20.15,102.43,0.32,24.588
2025-01-03 00:40:00,GUAI,Guarani,20.72,98.8,0.772,1.713
2025-01-03 00:50:00,NOVS,Nova Serrana,22.17,102.16,0.726,18.206
2025-01-03 01:00:00,ENTE,Entre Rios de Minas,28.78,100.48,0.483,18.659
2025-01-03 01:10:00,SAJI,São João do Paraíso,30.48,102.48,0.892,1.663
2025-01-03 01:20:00,LAGF,Lagoa Formosa,16.61,102.71,0.751,4.0
2025-01-03 01:30:00,VIRG,Virgem da Lapa,34.54,100.36,0.944,13.493
2025-01-03 01:40:00,CARE,Careaçu,23.82,98.1,0.301,9.238
2025-01-03 01:50:00,BETI,Betim,28.1,100.66,0.552,1.411
2025-01-03 02:00:00,JOAN,Joanésia,34.63,102.45,0.828,19.928
2025-01-03 02:10:00,BRAL,Brasília de Minas,19.18,98.86,0.838,23.163
2025-01-03 02:20:00,RESS,Ressaquinha,18.26,98.05,0.684,5.075
2025-01-03 02:30:00,SAJL,São José da Lapa,19.83,102.46,0.423,5.789
2025-01-03 02:40:00,ITPA,Itapagipe,16.48,99.15,0.72,21.413
2025-01-03 02:50:00,MONZ,Montezuma,32.41,101.72,0.312,0.465
2025-01-03 03:00:00,ITAM,Itamarandiba,27.73,102.26,0.79,1.512
2025-01-03 03:10:00,RECR,Recreio,22.58,100.53,0.947,21.187
2025-01-03 03:20:00,CORF,Córrego Fundo,33.82,100.59,0.942,16.849
2025-01-03 03:30:00,SENA,Senador Amaral,15.48,102.89,0.306,9.842
2025-01-03 03:40:00,SAJA,São João da Mata,27.91,102.11,0.898,14.451
2025-01-03 03:50:00,CONL,Conselheiro Lafaiete,17.78,102.11,0.624,4.634
2025-01-03 04:00:00,BOTU,Botumirim,22.87,102.71,0.927,9.664
2025-01-03 04:10:00,BOTU,Botumirim,31.94,99.94,0.927,12.4
2025-01-03 04:20:00,SASR,São Sebastião do Rio Preto,20.91,101.96,0.437,8.299
2025-01-03 04:30:00,ABRE,Abre Campo,26.05,102.15,0.79,15.915
2025-01-03 04:40:00,SARO,São Romão,20.87,101.98,0.937,24.963
2025-01-03 04:50:00,SAJS,São João das Missões,15.62,98.04,0.677,10.139
2025-01-03 05:00:00,CACE,Cachoeira de Pajeú,28.87,100.07,0.471,3.141
2025-01-03 05:10:00,PIRO,Pirapora,28.64,102.98,0.535,13.824
2025-01-03 05:20:00,CARN,Caranaíba,28.76,102.36,0.376,22.384
2025-01-03 05:30:00,POND,Ponto dos Volantes,24.59,98.26,0.832,22.471
2025-01-03 05:40:00,RIOT,Rio Preto,33.94,101.85,0.47,24.73
2025-01-03 05:50:00,SERO,Serra dos Aimorés,27.01,98.38,0.599,16.59
2025-01-03 06:00:00,DOMB,Dom Bosco,18.69,98.52,0.456,2.398
2025-01-03 06:10:00,SAOC,São Francisco,30.5,99.38,0.671,20.239
2025-01-03 06:20:00,CATT,Catuti,25.56,99.51,0.415,19.068
2025-01-03 06:30:00,BARB,Barbacena,28.38,99.6,0.594,5.55
2025-01-03 06:40:00,RIOO,Rio Doce,27.08,99.58,0.477,19.697
2025-01-03 06:50:00,IAPU,Iapu,17.69,98.5,0.592,14.548
2025-01-03 07:00:00,TOMB,Tombos,17.15,101.5,0.715,20.282
2025-01-03 07:10:00,NANU,Nanuque,24.43,99.01,0.713,19.482
2025-01-03 07:20:00,IPUI,Ipuiúna,28.49,98.42,0.741,0.725
2025-01-03 07:30:00,SAOE,São Geraldo,31.82,100.47,0.691,17.064
2025-01-03 07:40:00,FAMA,Fama,33.91,98.27,0.504,5.266
2025-01-03 07:50:00,CORE,Coronel Fabriciano,28.64,100.56,0.67,24.324
2025-01-03 08:00:00,TAPR,Tapiraí,22.19,101.29,0.659,16.879
2025-01-03 08:10:00,CLAO,Claro dos Poções,30.11,99.21,0.829,4.494
2025-01-03 08:20:00,SARZ,Sarzedo,27.44,98.9,0.771,16.412
2025-01-03 08:30:00,GURA,Guarará,25.19,98.42,0.742,21.396
2025-01-03 08:40:00,COLU,Coluna,33.63,99.88,0.686,23.862
2025-01-03 08:50:00,ABRE,Abre Campo,19.38,101.49,0.811,24.602
2025-01-03 09:00:00,BRAU,Braúnas,23.98,101.27,0.807,4.65
2025-01-03 09:10:00,CONG,Cônego Marinho,15.44,99.06,0.538,0.164
2025-01-03 09:20:00,ARGI,Argirita,21.76,100.21,0.602,8.162
2025-01-03 09:30:00,BRAU,Braúnas,31.58,100.71,0.501,23.527
2025-01-03 09:40:00,SOLE,Soledade de Minas,30.53,100.29,0.669,21.552
2025-01-03 09:50:00,CARA,Caraí,18.58,100.69,0.366,11.33
2025-01-03 10:00:00,CONC,Conceição da Aparecida,15.42,98.89,0.71,2.231
2025-01-03 10:10:00,SAOP,São Gonçalo do Pará,24.3,101.38,0.558,0.262
2025-01-03 10:20:00,VARZ,Várzea da Palma,32.86,102.17,0.618,1.147
2025-01-03 10:30:00,BOCI,Bocaiúva,34.51,101.88,0.418,16.926
2025-01-03 10:40:00,QUAR,Quartel Geral,32.14,99.63,0.379,23.843
2025-01-03 10:50:00,CHAA,Chapada Gaúcha,22.44,99.26,0.803,4.049
2025-01-03 11:00:00,CACE,Cachoeira de Pajeú,15.74,99.77,0.384,12.52
2025-01-03 11:10:00,SANA,Santa Bárbara do Leste,25.55,100.17,0.403,9.557
2025-01-03 11:20:00,MUTU,Mutum,31.12,99.09,0.603,6.601
2025-01-03 11:30:00,OLIV,Oliveira,31.46,101.58,0.761,2.687
2025-01-03 11:40:00,CASS,Cássia,21.89,101.25,0.486,6.964
2025-01-03 11:50:00,CRIN,Cristina,30.18,98.93,0.482,15.273
2025-01-03 12:00:00,DIVI,Divinésia,29.58,100.75,0.562,11.65
2025-01-03 12:10:00,CAEE,Caeté,32.4,100.39,0.579,12.048
2025-01-03 12:20:00,SATN,Santana de Cataguases,15.96,99.34,0.823,9.356
2025-01-03 12:30:00,PIME,Pimenta,26.75,98.18,0.9,10.608
2025-01-03 12:40:00,GRAO,Grão Mogol,26.75,99.79,0.592,22.301
2025-01-03 12:50:00,JANA,Janaúba,31.32,101.34,0.364,9.646
2025-01-03 13:00:00,RIOE,Rio Espera,29.34,100.96,0.634,22.199
2025-01-03 13:10:00,BOCA,Bocaina de Minas,30.33,102.54,0.668,22.253
2025-01-03 13:20:00,ESPR,Espírito Santo do Dourado,24.57,98.64,0.678,3.377
2025-01-03 13:30:00,CHIA,Chiador,20.97,101.28,0.585,3.824
2025-01-03 13:40:00,MATZ,Matozinhos,16.13,102.26,0.589,9.379
2025-01-03 13:50:00,PERD,Perdigão,28.13,100.79,0.791,0.247
2025-01-03 14:00:00,GRAO,Grão Mogol,28.29,100.54,0.866,8.935
2025-01-03 14:10:00,PAPA,Papagaios,29.16,102.76,0.368,21.832
2025-01-03 14:20:00,GUIM,Guimarânia,30.99,99.03,0.91,24.947
2025-01-03 14:30:00,ESTE,Estrela do Indaiá,32.6,98.5,0.677,17.349
2025-01-03 14:40:00,CONS,Conceição dos Ouros,30.37,102.31,0.451,19.171
2025-01-03 14:50:00,MATT,Matutina,21.48,100.14,0.444,21.185
2025-01-03 15:00:00,SACR,Sacramento,31.96,98.5,0.313,24.11
2025-01-03 15:10:00,VIRG,Virgem da Lapa,23.28,98.74,0.733,9.887
2025-01-03 15:20:00,ESTL,Estrela do Sul,27.21,98.89,0.898,7.774
2025-01-03 15:30:00,ITAA,Itacarambi,30.86,99.96,0.543,4.635
2025-01-03 15:40:00,ILIC,Ilicínea,18.29,99.89,0.725,14.468
2025-01-03 15:50:00,PIEE,Piedade do Rio Grande,22.54,99.92,0.505,15.189
2025-01-03 16:00:00,PRUD,Prudente de Morais,22.06,102.99,0.77,18.577
2025-01-03 16:10:00,BARA,Barão de Cocais,17.28,99.86,0.718,7.348
2025-01-03 16:20:00,FELX,Felixlândia,33.55,98.91,0.582,1.96
2025-01-03 16:30:00,DONA,Dona Euzébia,33.08,100.44,0.901,7.394
2025-01-03 16:40:00,MONC,Monte Carmelo,30.08,99.88,0.709,14.078
2025-01-03 16:50:00,ITPE,Itapecerica,24.27,102.47,0.325,3.498
2025-01-03 17:00:00,SAPU,Sapucaí-Mirim,32.76,101.83,0.744,7.122
2025-01-03 17:10:00,DION,Dionísio,22.99,98.37,0.396,19.852
2025-01-03 17:20:00,CRIT,Cristais,27.35,99.31,0.592,12.466
2025-01-03 17:30:00,PITA,Pitangui,22.29,98.76,0.315,23.315
2025-01-03 17:40:00,JOAN,Joanésia,16.66,102.17,0.677,5.56
2025-01-03 17:50:00,PEDL,Pedralva,29.2,101.86,0.399,2.486
2025-01-03 18:00:00,ESTR,Estrela Dalva,27.94,100.73,0.548,20.119
2025-01-03 18:10:00,MACA,Machado,22.53,98.41,0.732,20.118
2025-01-03 18:20:00,PEDI,Pedrinópolis,28.48,101.52,0.787,17.999
2025-01-03 18:30:00,CAIA,Caiana,25.47,99.91,0.929,2.386
2025-01-03 18:40:00,JAPO,Japonvar,26.96,101.75,0.901,7.317
2025-01-03 18:50:00,QUAR,Quartel Geral,16.85,101.58,0.572,13.799
2025-01-03 19:00:00,TEOF,Teófilo Otoni,24.88,102.24,0.529,1.501
2025-01-03 19:10:00,INHU,Inhaúma,17.21,98.82,0.948,12.51
2025-01-03 19:20:00,CRII,Cristiano Otoni,18.82,99.63,0.378,16.663
2025-01-03 19:30:00,IRAI,Iraí de Minas,34.71,100.57,0.683,11.216
2025-01-03 19:40:00,ENGE,Engenheiro Caldas,16.2,102.92,0.54,9.516
2025-01-03 19:50:00,CAIA,Caiana,32.62,99.61,0.418,2.204
2025-01-03 20:00:00,BAMB,Bambuí,22.25,100.48,0.703,18.664
2025-01-03 20:10:00,MAMO,Mamonas,34.48,102.2,0.688,7.935
2025-01-03 20:20:00,SAOL,São Geraldo da Piedade,17.1,100.57,0.541,9.193
2025-01-03 20:30:00,SERS,Serranos,16.51,99.19,0.325,23.006
2025-01-03 20:40:00,ITAC,Itacambira,16.16,99.53,0.615,22.817
2025-01-03 20:50:00,DORP,Doresópolis,16.36,100.7,0.793,2.333
2025-01-03 21:00:00,IBIA,Ibiá,15.82,101.21,0.78,3.853
2025-01-03 21:10:00,COSO,Consolação,34.95,100.8,0.635,9.438
2025-01-03 21:20:00,SASI,São Sebastião do Oeste,28.42,99.7,0.523,1.681
2025-01-03 21:30:00,BELA,Bela Vista de Minas,30.21,102.51,0.731,6.313
2025-01-03 21:40:00,LEME,Leme do Prado,19.89,99.95,0.423,21.709
2025-01-03 21:50:00,ESPI,Espinosa,32.63,98.29,0.306,14.556
2025-01-03 22:00:00,PONO,Ponto Chique,32.47,98.97,0.75,3.424
2025-01-03 22:10:00,PEDR,Pedra Azul,22.56,100.25,0.937,0.29
2025-01-03 22:20:00,DONA,Dona Euzébia,20.78,98.32,0.306,14.759
2025-01-03 22:30:00,MINA,Minas Novas,28.17,100.63,0.487,7.767
2025-01-03 22:40:00,ALEM,Além Paraíba,31.23,100.11,0.467,12.823
2025-01-03 22:50:00,BOMC,Bom Sucesso,28.38,100.46,0.74,10.983
2025-01-03 23:00:00,VARJ,Varjão de Minas,21.15,98.77,0.443,7.037
2025-01-03 23:10:00,MOED,Moeda,31.45,99.21,0.527,18.134
2025-01-03 23:20:00,CAMS,Campos Altos,16.74,100.88,0.913,20.351
2025-01-03 23:30:00,NOVU,Nova União,20.92,100.66,0.584,13.087
2025-01-03 23:40:00,MARI,Maria da Fé,21.72,99.37,0.48,13.435
2025-01-03 23:50:00,OURP,Ouro Preto,29.6,102.97,0.359,8.809
2025-01-04 00:00:00,CURV,Curvelo,34.24,98.8,0.442,8.411
2025-01-04 00:10:00,PIEO,Piedade dos Gerais,33.82,100.65,0.384,18.498
2025-01-04 00:20:00,MATU,Mateus Leme,33.25,102.13,0.568,10.772
2025-01-04 00:30:00,CAMG,Campos Gerais,18.04,101.61,0.391,19.141
2025-01-04 00:40:00,ENTE,Entre Rios de Minas,21.0,100.9,0.412,7.081
2025-01-04 00:50:00,FRAS,Franciscópolis,27.45,101.07,0.423,11.288
2025-01-04 01:00:00,CACE,Cachoeira de Pajeú,27.54,101.51,0.402,18.628
2025-01-04 01:10:00,BIQU,Biquinhas,15.45,101.55,0.483,3.927
2025-01-04 01:20:00,JOSN,Josenópolis,24.63,98.74,0.697,4.804
2025-01-04 01:30:00,SERI,Sericita,21.7,100.39,0.794,3.574
2025-01-04 01:40:00,PORT,Porteirinha,31.29,98.25,0.817,3.72
2025-01-04 01:50:00,SATC,Santana do Riacho,21.7,100.78,0.857,19.876
2025-01-04 02:00:00,MONT,Montalvânia,23.7,100.39,0.376,8.769
2025-01-04 02:10:00,ACAI,Acaiaca,18.16,99.28,0.377,18.694
2025-01-04 02:20:00,NATE,Natércia,23.07,101.73,0.672,7.019
2025-01-04 02:30:00,NOVS,Nova Serrana,22.52,98.28,0.327,14.394
2025-01-04 02:40:00,NAQU,Naque,30.95,98.53,0.505,7.581
2025-01-04 02:50:00,SABI,Sabinópolis,17.44,102.48,0.624,0.981
2025-01-04 03:00:00,VARE,Vargem Bonita,25.48,102.79,0.78,14.484
2025-01-04 03:10:00,IBIA,Ibiá,32.66,100.58,0.657,2.813
2025-01-04 03:20:00,SAPE,São Pedro da União,22.19,99.26,0.502,6.981
2025-01-04 03:30:00,BONI,Bonfinópolis de Minas,17.85,100.52,0.594,11.781
2025-01-04 03:40:00,PEDD,Pedra do Anta,31.32,98.2,0.688,5.483
2025-01-04 03:50:00,MARO,Mário Campos,26.89,99.1,0.387,14.77
2025-01-04 04:00:00,RESE,Resende Costa,32.8,102.31,0.633,8.25
2025-01-04 04:10:00,NOVA,Nova Belém,33.25,100.7,0.347,13.068
2025-01-04 04:20:00,SAJJ,São José do Jacuri,32.96,98.92,0.738,10.809
2025-01-04 04:30:00,BETI,Betim,19.77,101.38,0.907,5.793
2025-01-04 04:40:00,NAQU,Naque,22.03,98.29,0.539,8.513
2025-01-04 04:50:00,LIMA,Lima Duarte,20.57,98.9,0.635,5.901
2025-01-04 05:00:00,UBAP,Ubaporanga,17.56,99.87,0.655,12.994
2025-01-04 05:10:00,CRIS,Crisólita,22.09,101.02,0.852,7.133
2025-01-04 05:20:00,SAOV,São João Evangelista,21.56,101.37,0.762,5.772
2025-01-04 05:30:00,SABI,Sabinópolis,19.73,98.5,0.43,24.02
2025-01-04 05:40:00,CACO,Cachoeira de Minas,21.45,98.86,0.397,9.652
2025-01-04 05:50:00,BOTU,Botumirim,30.89,101.39,0.795,23.066
2025-01-04 06:00:00,CAMI,Campina Verde,33.9,99.25,0.339,6.054
2025-01-04 06:10:00,COND,Conceição do Mato Dentro,32.17,102.55,0.773,15.598
2025-01-04 06:20:00,SANA,Santa Bárbara do Leste,29.7,100.36,0.723,9.816
2025-01-04 06:30:00,PAIV,Paiva,25.53,100.14,0.537,5.112
2025-01-04 06:40:00,ARCE,Arceburgo,18.26,99.19,0.596,16.654
2025-01-04 06:50:00,PEDT,Pedro Teixeira,17.9,102.33,0.743,10.64
2025-01-04 07:00:00,MATI,Matias Barbosa,17.57,101.76,0.856,22.194
2025-01-04 07:10:00,CONO,Conceição de Ipanema,28.2,102.08,0.878,9.511
2025-01-04 07:20:00,CORV,Córrego Novo,33.49,98.49,0.584,16.701
2025-01-04 07:30:00,SATN,Santana de Cataguases,27.47,99.59,0.849,12.32
2025-01-04 07:40:00,SAJN,São João Nepomuceno,24.8,102.29,0.477,7.723
2025-01-04 07:50:00,BARO,Barão do Monte Alto,32.94,101.86,0.746,7.376
2025-01-04 08:00:00,SETU,Setubinha,21.18,101.95,0.302,23.227
2025-01-04 08:10:00,SANG,Santana da Vargem,17.6,100.35,0.313,12.92
2025-01-04 08:20:00,RION,Rio Novo,20.12,101.75,0.462,0.249
2025-01-04 08:30:00,MACA,Machado,20.68,100.37,0.7,4.755
2025-01-04 08:40:00,CHIA,Chiador,29.17,98.81,0.81,13.822
2025-01-04 08:50:00,RIOB,Rio Pomba,34.03,102.65,0.763,12.259
2025-01-04 09:00:00,DATA,Datas,26.65,98.74,0.417,22.662
2025-01-04 09:10:00,SABA,Sabará,27.07,100.62,0.912,2.594
2025-01-04 09:20:00,SAJN,São João Nepomuceno,23.21,100.26,0.323,15.139
2025-01-04 09:30:00,POCS,Poços de Caldas,16.35,100.77,0.673,21.875
2025-01-04 09:40:00,NEPO,Nepomuceno,32.5,100.07,0.592,8.575
2025-01-04 09:50:00,GUAN,Guanhães,25.34,99.63,0.621,2.467
2025-01-04 10:00:00,ARCE,Arceburgo,17.07,100.76,0.86,7.177
2025-01-04 10:10:00,NOVC,Novo Cruzeiro,33.3,98.05,0.509,20.697
2025-01-04 10:20:00,PALO,Palmópolis,28.27,101.68,0.756,21.479
2025-01-04 10:30:00,SAJO,São João da Lagoa,33.37,98.2,0.366,17.459
2025-01-04 10:40:00,MERC,Mercês,34.44,99.28,0.509,9.921
2025-01-04 10:50:00,CORG,Córrego do Bom Jesus,34.73,99.91,0.928,12.79
2025-01-04 11:00:00,ENTE,Entre Rios de Minas,33.9,101.17,0.768,21.372
2025-01-04 11:10:00,SATJ,Santana do Jacaré,21.76,102.15,0.473,21.816
2025-01-04 11:20:00,GOIA,Goiabeira,23.56,102.42,0.335,3.294
2025-01-04 11:30:00,ARAJ,Araújos,31.85,101.7,0.304,16.112
2025-01-04 11:40:00,PIRG,Piranguçu,27.71,102.97,0.888,9.821
2025-01-04 11:50:00,PIEO,Piedade dos Gerais,19.56,101.14,0.4,1.778
2025-01-04 12:00:00,CAPN,Capinópolis,28.12,102.68,0.77,18.454
2025-01-04 12:10:00,DIVP,Divinópolis,18.85,100.5,0.501,12.799
2025-01-04 12:20:00,IBIN,Ibituruna,34.59,101.97,0.51,17.389
2025-01-04 12:30:00,SARQ,São Roque de Minas,29.51,98.75,0.606,4.621
2025-01-04 12:40:00,SAGC,São Gonçalo do Rio Preto,34.05,98.54,0.73,11.438
2025-01-04 12:50:00,MIRD,Miradouro,17.49,100.6,0.903,12.445
2025-01-04 13:00:00,ITAC,Itacambira,19.66,101.15,0.74,16.574
2025-01-04 13:10:00,ORIZ,Orizânia,30.94,99.69,0.518,12.369
2025-01-04 13:20:00,ARAG,Araguari,19.16,99.06,0.771,15.672
2025-01-04 13:30:00,MALA,Malacacheta,16.38,101.32,0.702,9.0
2025-01-04 13:40:00,PARI,Paraisópolis,18.84,101.52,0.497,11.068
2025-01-04 13:50:00,JANU,Januária,33.5,102.17,0.554,12.194
2025-01-04 14:00:00,DORS,Dores de Guanhães,15.03,98.79,0.695,16.507
2025-01-04 14:10:00,SAON,Santo Antônio do Jacinto,16.3,100.86,0.486,19.53
2025-01-04 14:20:00,ALEM,Além Paraíba,33.3,100.62,0.728,19.098
2025-01-04 14:30:00,CUPA,Cuparaque,33.82,101.05,0.578,3.186
2025-01-04 14:40:00,MATA,Mata Verde,20.54,98.02,0.633,17.464
2025-01-04 14:50:00,JUVE,Juvenília,31.21,101.17,0.814,6.762
2025-01-04 15:00:00,COSO,Consolação,18.21,99.7,0.887,20.556
2025-01-04 15:10:00,MATO,Mato Verde,33.85,101.12,0.709,2.823
2025-01-04 15:20:00,PAUI,Paulistas,17.77,98.4,0.593,1.95
2025-01-04 15:30:00,FERN,Fernandes Tourinho,31.84,102.57,0.784,15.574
2025-01-04 15:40:00,ARAI,Aracitaba,28.28,98.82,0.49,0.976
2025-01-04 15:50:00,SENA,Senador Amaral,27.55,100.95,0.443,15.439
2025-01-04 16:00:00,ITNH,Itanhomi,34.63,100.84,0.542,3.787
2025-01-04 16:10:00,PORO,Porto Firme,19.33,102.91,0.691,3.243
2025-01-04 16:20:00,LIME,Limeira do Oeste,17.96,102.19,0.792,12.728
2025-01-04 16:30:00,SAPU,Sapucaí-Mirim,32.68,99.04,0.709,15.402
2025-01-04 16:40:00,POCR,Pocrane,22.19,102.4,0.763,7.119
2025-01-04 16:50:00,BELA,Bela Vista de Minas,32.28,101.2,0.426,6.182
2025-01-04 17:00:00,CASS,Cássia,28.51,101.23,0.376,23.342
2025-01-04 17:10:00,DIAM,Diamantina,26.98,100.89,0.506,4.575
2025-01-04 17:20:00,CLAO,Claro dos Poções,26.69,99.3,0.475,16.914
2025-01-04 17:30:00,CONS,Conceição dos Ouros,28.44,100.14,0.661,23.666
2025-01-04 17:40:00,SAJA,São João da Mata,31.61,101.77,0.608,7.935
2025-01-04 17:50:00,BARA,Barão de Cocais,28.38,101.64,0.569,21.845
2025-01-04 18:00:00,ABAE,Abaeté,22.05,101.6,0.729,20.416
2025-01-04 18:10:00,JEQI,Jequitaí,34.54,99.02,0.605,19.169
2025-01-04 18:20:00,INGA,Ingaí,28.41,99.19,0.508,1.004
2025-01-04 18:30:00,GAME,Gameleiras,17.2,102.58,0.865,0.839
2025-01-04 18:40:00,FREL,Frei Lagonegro,33.73,99.36,0.775,7.544
2025-01-04 18:50:00,CONL,Conselheiro Lafaiete,20.77,101.06,0.708,23.66
2025-01-04 19:00:00,BOAE,Boa Esperança,26.04,98.14,0.548,5.596
2025-01-04 19:10:00,CONP,Conceição do Pará,15.26,99.41,0.77,16.808
2025-01-04 19:20:00,VIRG,Virgem da Lapa,16.32,98.06,0.937,8.069
2025-01-04 19:30:00,SANT,Santa Bárbara,28.56,99.93,0.911,12.283
2025-01-04 19:40:00,SAON,Santo Antônio do Jacinto,31.59,98.74,0.483,3.221
2025-01-04 19:50:00,MATO,Mato Verde,16.77,102.31,0.839,9.865
2025-01-04 20:00:00,GUAP,Guapé,33.96,101.15,0.677,18.905
2025-01-04 20:10:00,MIRD,Miradouro,28.03,102.83,0.671,9.239
2025-01-04 20:20:00,BURI,Buritis,18.67,100.01,0.617,14.577
2025-01-04 20:30:00,ARAI,Aracitaba,20.57,102.26,0.908,22.493
2025-01-04 20:40:00,CAMB,Cambuí,17.38,102.41,0.762,3.532
2025-01-04 20:50:00,ALBE,Albertina,19.69,101.76,0.939,13.144
2025-01-04 21:00:00,BOCA,Bocaina de Minas,24.91,99.04,0.476,16.708
2025-01-04 21:10:00,ITUR,Iturama,33.95,100.67,0.734,19.604
2025-01-04 21:20:00,CAMA,Camacho,33.12,102.47,0.713,21.422
2025-01-04 21:30:00,DATA,Datas,31.85,99.09,0.667,21.902
2025-01-04 21:40:00,MARI,Maria da Fé,30.97,102.75,0.47,18.813
2025-01-04 21:50:00,LAGD,Lagoa dos Patos,26.91,99.47,0.924,4.593
2025-01-04 22:00:00,BIAS,Bias Fortes,33.9,102.48,0.58,1.627
2025-01-04 22:10:00,ALVA,Alvarenga,20.64,98.05,0.438,14.032
2025-01-04 22:20:00,BRAI,Brasilândia de Minas,23.83,98.73,0.397,12.472
2025-01-04 22:30:00,SAMI,São Miguel do Anta,34.21,99.01,0.442,19.736
2025-01-04 22:40:00,TAPR,Tapiraí,21.88,99.54,0.724,21.962
2025-01-04 22:50:00,EUGE,Eugenópolis,21.55,100.55,0.732,12.941
2025-01-04 23:00:00,RIOD,Rio do Prado,28.84,101.55,0.593,19.036
2025-01-04 23:10:00,UMBU,Umburatiba,31.13,101.98,0.499,7.543
2025-01-04 23:20:00,PORO,Porto Firme,32.82,99.7,0.66,8.924
2025-01-04 23:30:00,MIND,Minduri,31.13,101.77,0.879,23.128
2025-01-04 23:40:00,RITA,Ritápolis,29.55,99.28,0.43,17.522
2025-01-04 23:50:00,BIQU,Biquinhas,25.19,98.52,0.883,22.732
2025-01-05 00:00:00,ROCH,Rochedo de Minas,28.71,102.33,0.548,17.441
2025-01-05 00:10:00,LIBE,Liberdade,27.56,99.49,0.408,0.551
2025-01-05 00:20:00,ITUT,Itutinga,19.44,99.26,0.545,23.931
2025-01-05 00:30:00,DOMS,Dom Silvério,29.15,99.44,0.944,10.091
2025-01-05 00:40:00,SERO,Serra dos Aimorés,31.21,100.93,0.788,23.84
2025-01-05 00:50:00,RIAC,Riachinho,33.14,102.09,0.55,18.521
2025-01-05 01:00:00,DORS,Dores de Guanhães,18.72,99.71,0.559,15.823
2025-01-05 01:10:00,SILV,Silveirânia,22.14,99.64,0.333,8.892
2025-01-05 01:20:00,RIBE,Ribeirão das Neves,16.69,100.73,0.317,9.072
2025-01-05 01:30:00,PATR,Patrocínio,21.59,101.57,0.546,12.826
2025-01-05 01:40:00,DIVP,Divinópolis,24.86,102.82,0.326,12.341
2025-01-05 01:50:00,MONN,Monte Santo de Minas,28.73,98.79,0.835,14.889
2025-01-05 02:00:00,ERVA,Ervália,23.53,99.06,0.504,0.631
2025-01-05 02:10:00,ITAI,Itabirinha,19.05,98.94,0.937,21.331
2025-01-05 02:20:00,ITIN,Itinga,19.02,101.91,0.404,12.446
2025-01-05 02:30:00,SERN,Serrania,23.17,102.19,0.773,11.052
2025-01-05 02:40:00,NOVM,Nova Módica,26.36,99.85,0.863,13.624
2025-01-05 02:50:00,POMP,Pompéu,17.91,99.48,0.48,8.632
2025-01-05 03:00:00,ORIZ,Orizânia,16.54,101.08,0.792,22.444
2025-01-05 03:10:00,SAJD,São João da Ponte,34.46,101.57,0.704,9.752
2025-01-05 03:20:00,RAPO,Raposos,21.3,98.02,0.869,18.908
2025-01-05 03:30:00,VARZ,Várzea da Palma,19.0,101.54,0.863,19.152
2025-01-05 03:40:00,INHA,Inhapim,30.96,101.48,0.839,9.479
2025-01-05 03:50:00,BOCA,Bocaina de Minas,15.51,99.69,0.556,13.905
2025-01-05 04:00:00,DORS,Dores de Guanhães,18.43,99.37,0.939,7.558
2025-01-05 04:10:00,CABE,Cabeceira Grande,32.89,98.78,0.949,21.31
2025-01-05 04:20:00,JEQN,Jequitinhonha,17.05,101.23,0.615,11.347
2025-01-05 04:30:00,ATAL,Ataléia,32.72,98.39,0.359,7.595
2025-01-05 04:40:00,FLOR,Florestal,17.53,99.31,0.626,19.762
2025-01-05 04:50:00,VIEI,Vieiras,24.49,98.16,0.929,3.137
2025-01-05 05:00:00,PATR,Patrocínio,19.28,100.96,0.892,15.477
2025-01-05 05:10:00,SAJO,São João da Lagoa,24.06,102.34,0.9,23.862
2025-01-05 05:20:00,BERZ,Berizal,27.42,99.24,0.612,10.855
2025-01-05 05:30:00,SATI,Santa Rita do Sapucaí,22.93,102.4,0.666,12.438
2025-01-05 05:40:00,ITAN,Itamonte,34.31,101.28,0.824,13.678
2025-01-05 05:50:00,MARS,Martins Soares,27.94,98.44,0.329,4.037
2025-01-05 06:00:00,DELI,Delfinópolis,32.41,102.1,0.583,12.347
2025-01-05 06:10:00,PASA,Passa Tempo,26.67,101.83,0.366,0.846
2025-01-05 06:20:00,FORO,Formoso,17.02,99.13,0.502,17.967
2025-01-05 06:30:00,MONF,Monte Formoso,31.61,98.27,0.603,8.159
2025-01-05 06:40:00,SATH,Santo Hipólito,32.89,101.54,0.626,14.111
2025-01-05 06:50:00,SASV,São Sebastião do Rio Verde,17.58,102.94,0.314,1.315
2025-01-05 07:00:00,ALPI,Alpinópolis,16.95,100.46,0.732,20.994
2025-01-05 07:10:00,URUU,Urucuia,33.35,101.74,0.839,2.373
2025-01-05 07:20:00,BRAI,Brasilândia de Minas,27.24,99.99,0.352,1.399
2025-01-05 07:30:00,DOMC,Dom Cavati,17.17,100.91,0.822,5.34
2025-01-05 07:40:00,MARP,Maripá de Minas,22.92,101.69,0.377,14.069
2025-01-05 07:50:00,UBAP,Ubaporanga,20.93,102.89,0.37,19.6
2025-01-05 08:00:00,CATA,Cataguases,28.63,99.93,0.64,20.521
2025-01-05 08:10:00,PATI,Patis,25.4,98.69,0.593,11.217
2025-01-05 08:20:00,CRIT,Cristais,27.27,99.24,0.856,5.942
2025-01-05 08:30:00,DIVI,Divinésia,29.55,98.61,0.798,22.315
2025-01-05 08:40:00,PEDD,Pedra do Anta,34.52,101.07,0.93,8.508
2025-01-05 08:50:00,SANS,Santa Rita de Caldas,28.72,100.22,0.908,12.986
2025-01-05 09:00:00,MANT,Mantena,34.17,102.29,0.719,13.678
2025-01-05 09:10:00,MONF,Monte Formoso,27.84,100.05,0.435,7.118
2025-01-05 09:20:00,INDA,Indaiabira,17.74,98.72,0.706,21.168
2025-01-05 09:30:00,SANU,Santa Cruz de Salinas,21.57,102.76,0.314,19.141
2025-01-05 09:40:00,LAMB,Lambari,34.67,101.78,0.467,10.704
2025-01-05 09:50:00,CORI,Cordislândia,16.21,101.87,0.867,7.717
2025-01-05 10:00:00,SERD,Serra do Salitre,30.48,102.61,0.678,3.603
2025-01-05 10:10:00,SATP,Santana do Paraíso,21.82,98.55,0.632,19.276
2025-01-05 10:20:00,GALI,Galiléia,32.17,102.83,0.894,11.61
2025-01-05 10:30:00,SAJT,São José do Mantimento,30.04,102.0,0.854,2.439
2025-01-05 10:40:00,INDA,Indaiabira,23.31,100.89,0.874,14.497
2025-01-05 10:50:00,GUAD,Guarda-Mor,21.12,98.27,0.829,14.253
2025-01-05 11:00:00,CARB,Carbonita,34.63,102.97,0.913,7.811
2025-01-05 11:10:00,JEQN,Jequitinhonha,23.75,101.78,0.81,2.699
2025-01-05 11:20:00,MEDE,Medeiros,18.6,99.16,0.402,1.738
2025-01-05 11:30:00,SAOL,São Geraldo da Piedade,20.79,100.05,0.473,20.013
2025-01-05 11:40:00,ENTR,Entre Folhas,25.66,100.99,0.317,15.511
2025-01-05 11:50:00,LUIL,Luislândia,28.3,98.91,0.805,22.602
2025-01-05 12:00:00,RAPO,Raposos,16.3,98.98,0.337,3.026
2025-01-05 12:10:00,SAOG,São Francisco do Glória,28.19,99.62,0.645,5.367
2025-01-05 12:20:00,AGUV,Águas Vermelhas,27.32,101.4,0.461,13.729
2025-01-05 12:30:00,OLIE,Oliveira Fortes,31.54,100.59,0.358,24.061
2025-01-05 12:40:00,AREA,Areado,32.41,99.95,0.421,10.267
2025-01-05 12:50:00,GUAX,Guaxupé,18.79,101.66,0.804,17.804
2025-01-05 13:00:00,SAOV,São João Evangelista,31.09,100.49,0.394,5.083
2025-01-05 13:10:00,SABI,Sabinópolis,15.16,102.99,0.596,22.69
2025-01-05 13:20:00,COLU,Coluna,28.56,99.28,0.517,10.575
2025-01-05 13:30:00,CHAC,Chácara,25.04,99.4,0.852,20.365
2025-01-05 13:40:00,CARC,Carmo do Cajuru,25.36,101.37,0.543,24.252
2025-01-05 13:50:00,SASS,São Sebastião do Anta,32.8,102.88,0.332,11.334
2025-01-05 14:00:00,TOCO,Tocos do Moji,16.84,101.38,0.562,0.441
2025-01-05 14:10:00,GALI,Galiléia,21.69,101.84,0.834,15.395
2025-01-05 14:20:00,PLAN,Planura,26.13,101.21,0.797,3.49
2025-01-05 14:30:00,MARM,Marmelópolis,17.07,102.11,0.562,14.155
2025-01-05 14:40:00,ITAM,Itamarandiba,30.52,102.86,0.708,18.646
2025-01-05 14:50:00,CONA,Conceição das Pedras,25.24,101.83,0.672,18.273
2025-01-05 15:00:00,INDI,Indianópolis,21.22,99.51,0.631,22.011
2025-01-05 15:10:00,SASA,São Sebastião da Vargem Alegre,29.07,98.59,0.358,12.924
2025-01-05 15:20:00,SATT,Santo Antônio do Amparo,27.07,98.69,0.898,1.012
2025-01-05 15:30:00,SANF,Santa Fé de Minas,33.5,100.01,0.819,15.951
2025-01-05 15:40:00,UBAX,Ubá,32.39,98.49,0.77,7.475
2025-01-05 15:50:00,BOMS,Bom Jesus do Amparo,33.59,102.24,0.53,14.082
2025-01-05 16:00:00,VARZ,Várzea da Palma,19.51,100.8,0.415,2.527
2025-01-05 16:10:00,CLAU,Cláudio,29.41,98.98,0.742,11.862
2025-01-05 16:20:00,CATL,Catas Altas da Noruega,15.47,101.89,0.63,18.182
2025-01-05 16:30:00,GURI,Gurinhatã,32.43,102.25,0.435,2.766
2025-01-05 16:40:00,GUAX,Guaxupé,16.21,98.72,0.562,6.461
2025-01-05 16:50:00,FREL,Frei Lagonegro,18.48,98.22,0.843,5.965
2025-01-05 17:00:00,BAND,Bandeira,32.12,102.72,0.477,21.065
2025-01-05 17:10:00,IBER,Ibertioga,21.28,98.42,0.671,21.346
2025-01-05 17:20:00,GUIR,Guiricema,20.58,102.27,0.891,22.961
2025-01-05 17:30:00,PRAA,Pratápolis,27.76,100.49,0.664,23.326
2025-01-05 17:40:00,JACI,Jacinto,32.6,98.46,0.673,17.706
2025-01-05 17:50:00,PRED,Presidente Kubitschek,29.52,102.09,0.708,11.822
2025-01-05 18:00:00,BERZ,Berizal,26.94,99.44,0.633,23.069
2025-01-05 18:10:00,CARO,Carmo da Cachoeira,29.56,98.89,0.397,6.89
2025-01-05 18:20:00,LAMI,Lamim,28.89,102.3,0.845,5.007
2025-01-05 18:30:00,SAJB,São José da Barra,29.06,101.65,0.558,14.092
2025-01-05 18:40:00,PEDR,Pedra Azul,31.19,98.97,0.918,12.204
2025-01-05 18:50:00,ITAU,Itambacuri,25.44,101.5,0.608,23.129
2025-01-05 19:00:00,SANG,Santana da Vargem,21.04,102.61,0.419,16.165
2025-01-05 19:10:00,SAOV,São João Evangelista,32.19,98.84,0.877,24.184
2025-01-05 19:20:00,CACH,Cachoeira da Prata,27.24,99.76,0.87,4.195
2025-01-05 19:30:00,GONZ,Gonzaga,26.46,98.68,0.705,10.006
2025-01-05 19:40:00,DOMJ,Dom Joaquim,25.25,98.34,0.638,23.249
2025-01-05 19:50:00,PONO,Ponto Chique,25.37,98.77,0.549,5.882
2025-01-05 20:00:00,CHAL,Chalé,21.89,100.45,0.303,20.5
2025-01-05 20:10:00,PRAA,Pratápolis,21.13,102.74,0.514,5.766
2025-01-05 20:20:00,ARAA,Arapuá,19.91,101.37,0.66,21.536
2025-01-05 20:30:00,PRAT,Prata,22.42,99.5,0.613,14.582
2025-01-05 20:40:00,SAON,Santo Antônio do Jacinto,28.05,98.39,0.439,9.275
2025-01-05 20:50:00,SERT,Seritinga,16.49,98.54,0.635,6.199
2025-01-05 21:00:00,JAGU,Jaguaraçu,23.86,102.31,0.86,24.204
2025-01-05 21:10:00,CIPO,Cipotânea,16.53,98.52,0.476,23.912
2025-01-05 21:20:00,CLAU,Cláudio,29.71,98.45,0.922,19.728
2025-01-05 21:30:00,JEQU,Jequeri,20.21,102.84,0.462,1.745
2025-01-05 21:40:00,PIRO,Pirapora,26.79,98.85,0.747,1.219
2025-01-05 21:50:00,CATS,Catas Altas,17.75,99.24,0.352,14.834
2025-01-05 22:00:00,RECR,Recreio,25.39,101.11,0.657,16.538
2025-01-05 22:10:00,TAPR,Tapiraí,21.21,99.76,0.581,21.675
2025-01-05 22:20:00,SANL,Santa Luzia,24.19,101.3,0.411,11.218
2025-01-05 22:30:00,BARA,Barão de Cocais,30.69,102.91,0.574,7.095
2025-01-05 22:40:00,SOBR,Sobrália,15.91,101.93,0.374,9.258
2025-01-05 22:50:00,SANL,Santa Luzia,31.43,98.87,0.779,18.382
2025-01-05 23:00:00,RIOM,Rio Manso,33.55,102.83,0.535,19.467
2025-01-05 23:10:00,LAMI,Lamim,17.23,99.63,0.728,22.989
2025-01-05 23:20:00,ESTI,Estiva,15.68,98.6,0.69,14.76
2025-01-05 23:30:00,POUO,Pouso Alto,21.57,102.48,0.611,9.148
2025-01-05 23:40:00,POMP,Pompéu,25.48,101.41,0.449,22.63
2025-01-05 23:50:00,NATE,Natércia,21.14,101.67,0.71,11.728
2025-01-06 00:00:00,RIOM,Rio Manso,19.48,100.18,0.592,17.424
2025-01-06 00:10:00,BAEP,Baependi,23.36,102.5,0.613,16.396
2025-01-06 00:20:00,SANL,Santa Luzia,20.02,100.22,0.438,15.314
2025-01-06 00:30:00,SANU,Santa Cruz de Salinas,26.76,98.53,0.844,18.217
2025-01-06 00:40:00,SAJR,São João do Oriente,19.05,101.2,0.32,7.666
2025-01-06 00:50:00,CLAR,Claraval,22.19,98.59,0.6,17.722
2025-01-06 01:00:00,CAPE,Capela Nova,22.72,101.22,0.855,23.731
2025-01-06 01:10:00,ABRE,Abre Campo,16.2,101.14,0.579,16.312
2025-01-06 01:20:00,RITA,Ritápolis,34.22,101.04,0.382,9.44
2025-01-06 01:30:00,CORV,Córrego Novo,28.92,99.23,0.946,23.909
2025-01-06 01:40:00,SATR,Santa Rita do Itueto,21.83,99.88,0.81,20.086
2025-01-06 01:50:00,VARL,Varzelândia,28.4,98.77,0.334,2.499
2025-01-06 02:00:00,CAMF,Campo Florido,19.07,99.17,0.488,6.675
2025-01-06 02:10:00,TIMO,Timóteo,15.77,98.51,0.943,16.429
2025-01-06 02:20:00,JAPO,Japonvar,24.75,102.14,0.344,20.174
2025-01-06 02:30:00,VOLT,Volta Grande,30.8,98.62,0.348,13.243
2025-01-06 02:40:00,PIEE,Piedade do Rio Grande,34.25,100.87,0.553,1.194
2025-01-06 02:50:00,BONT,Bonito de Minas,16.84,99.96,0.621,6.04
2025-01-06 03:00:00,SATE,Santana do Deserto,31.89,102.49,0.755,2.18
2025-01-06 03:10:00,FORO,Formoso,32.18,102.09,0.409,10.831
2025-01-06 03:20:00,SILV,Silveirânia,26.89,99.97,0.372,1.711
2025-01-06 03:30:00,SATG,Santana do Garambéu,24.71,100.72,0.792,3.53
2025-01-06 03:40:00,RIBE,Ribeirão das Neves,17.01,101.44,0.31,0.656
2025-01-06 03:50:00,RIAC,Riachinho,15.81,102.51,0.565,23.606
2025-01-06 04:00:00,ITVE,Itaverava,23.68,102.72,0.885,6.575
2025-01-06 04:10:00,JEQU,Jequeri,16.81,99.73,0.644,10.862
2025-01-06 04:20:00,CAAN,Carrancas,34.67,99.56,0.729,5.419
2025-01-06 04:30:00,CAPN,Capinópolis,15.33,102.9,0.888,6.157
2025-01-06 04:40:00,SAPD,São Pedro do Suaçuí,27.2,98.48,0.741,8.408
2025-01-06 04:50:00,UBAX,Ubá,29.1,100.16,0.923,8.448
2025-01-06 05:00:00,IPUI,Ipuiúna,24.66,100.04,0.567,17.418
2025-01-06 05:10:00,CORE,Coronel Fabriciano,21.97,101.31,0.657,15.566
2025-01-06 05:20:00,RITA,Ritápolis,30.01,99.78,0.601,24.174
2025-01-06 05:30:00,MATT,Matutina,26.41,100.14,0.745,4.26
2025-01-06 05:40:00,TAQU,Taquaraçu de Minas,18.22,100.82,0.38,5.199
2025-01-06 05:50:00,VARE,Vargem Bonita,32.39,102.11,0.877,23.11
2025-01-06 06:00:00,COSO,Consolação,20.74,98.4,0.754,18.206
2025-01-06 06:10:00,DELT,Delta,19.62,99.63,0.606,16.109
2025-01-06 06:20:00,MANH,Manhuaçu,30.4,101.22,0.597,13.124
2025-01-06 06:30:00,LASS,Lassance,25.57,99.73,0.841,10.41
2025-01-06 06:40:00,CACO,Cachoeira de Minas,26.51,101.77,0.564,1.102
2025-01-06 06:50:00,TREP,Três Pontas,31.37,99.71,0.687,2.414
2025-01-06 07:00:00,SAJR,São João do Oriente,29.88,99.17,0.436,15.122
2025-01-06 07:10:00,ITAT,Itamarati de Minas,32.54,98.42,0.583,14.036
2025-01-06 07:20:00,PERI,Perdizes,33.63,99.08,0.611,20.008
2025-01-06 07:30:00,SANG,Santana da Vargem,27.4,100.0,0.785,20.806
2025-01-06 07:40:00,MEDE,Medeiros,23.44,99.36,0.66,8.82
2025-01-06 07:50:00,SAOC,São Francisco,26.1,101.35,0.519,19.526
2025-01-06 08:00:00,SAJS,São João das Missões,27.34,98.08,0.515,0.398
2025-01-06 08:10:00,MARL,Marilac,30.88,98.89,0.54,1.561
2025-01-06 08:20:00,CONA,Conceição das Pedras,19.75,102.24,0.328,18.991
2025-01-06 08:30:00,BARO,Barão do Monte Alto,15.01,101.18,0.665,1.257
2025-01-06 08:40:00,SAGC,São Gonçalo do Rio Preto,22.26,101.31,0.723,3.049
2025-01-06 08:50:00,SAPR,São Pedro dos Ferros,28.73,100.46,0.652,6.267
2025-01-06 09:00:00,SASE,São José do Divino,24.25,99.1,0.738,0.293
2025-01-06 09:10:00,SAOX,São Geraldo do Baixio,17.71,100.27,0.419,6.176
2025-01-06 09:20:00,CAPS,Capitão Enéas,25.99,101.81,0.374,21.545
2025-01-06 09:30:00,PEDD,Pedra do Anta,28.88,99.51,0.932,20.888
2025-01-06 09:40:00,ARIC,Aricanduva,23.79,101.07,0.436,8.198
2025-01-06 09:50:00,SERT,Seritinga,25.92,99.04,0.398,2.016
2025-01-06 10:00:00,VICO,Viçosa,15.69,102.11,0.68,5.729
2025-01-06 10:10:00,CONT,Congonhas do Norte,17.42,102.72,0.314,6.554
2025-01-06 10:20:00,SAOA,Santo Antônio do Grama,25.83,100.59,0.324,12.842
2025-01-06 10:30:00,CHAL,Chalé,15.96,98.63,0.462,19.264
2025-01-06 10:40:00,ITAJ,Itajubá,33.92,102.26,0.395,17.133
2025-01-06 10:50:00,MONB,Monte Belo,24.21,98.53,0.455,5.483
2025-01-06 11:00:00,BOCI,Bocaiúva,27.96,100.78,0.615,6.532
2025-01-06 11:10:00,ARGI,Argirita,26.65,99.79,0.411,3.724
2025-01-06 11:20:00,SENS,Senhora dos Remédios,24.7,101.04,0.437,20.393
2025-01-06 11:30:00,VARM,Vargem Grande do Rio Pardo,21.68,102.95,0.776,22.683
2025-01-06 11:40:00,ALFE,Alfenas,22.96,98.76,0.608,0.708
2025-01-06 11:50:00,RECR,Recreio,33.9,100.36,0.338,21.58
2025-01-06 12:00:00,PINT,Pintópolis,23.18,102.68,0.849,18.148
2025-01-06 12:10:00,PRED,Presidente Kubitschek,19.47,100.35,0.897,23.99
2025-01-06 12:20:00,SANU,Santa Cruz de Salinas,29.62,98.81,0.373,22.764
2025-01-06 12:30:00,ARAC,Araçaí,20.33,99.16,0.326,14.698
2025-01-06 12:40:00,RIOD,Rio do Prado,23.0,101.43,0.558,13.327
2025-01-06 12:50:00,SATM,Santana do Manhuaçu,17.35,99.29,0.619,19.102
2025-01-06 13:00:00,JACU,Jacuí,19.05,100.11,0.531,8.25
2025-01-06 13:10:00,SAOQ,São Joaquim de Bicas,29.19,101.22,0.683,24.676
2025-01-06 13:20:00,SATR,Santa Rita do Itueto,32.81,101.56,0.869,3.03
2025-01-06 13:30:00,NOVE,Nova Era,33.23,101.06,0.481,4.216
2025-01-06 13:40:00,CORR,Córrego Danta,26.89,98.98,0.842,8.664
2025-01-06 13:50:00,BRAS,Brás Pires,18.27,98.73,0.724,1.371
2025-01-06 14:00:00,BOMR,Bom Repouso,27.16,99.76,0.33,10.274
2025-01-06 14:10:00,CHAC,Chácara,16.53,100.72,0.443,22.781
2025-01-06 14:20:00,AGUC,Água Comprida,19.44,102.86,0.689,23.868
2025-01-06 14:30:00,SASE,São José do Divino,15.14,102.32,0.349,11.332
2025-01-06 14:40:00,COME,Comendador Gomes,23.42,101.34,0.546,5.943
2025-01-06 14:50:00,ALVI,Alvinópolis,24.22,99.29,0.871,14.592
2025-01-06 15:00:00,VERE,Veredinha,20.56,101.46,0.946,3.937
2025-01-06 15:10:00,BRAL,Brasília de Minas,21.34,102.13,0.781,8.111
2025-01-06 15:20:00,SAOJ,São João Batista do Glória,33.95,99.79,0.879,23.499
2025-01-06 15:30:00,CONL,Conselheiro Lafaiete,29.23,98.45,0.756,18.216
2025-01-06 15:40:00,CONR,Conceição do Rio Verde,33.7,98.19,0.513,3.504
2025-01-06 15:50:00,CAAA,Canaã,29.54,98.52,0.724,20.767
2025-01-06 16:00:00,CARA,Caraí,21.04,101.37,0.836,20.45
2025-01-06 16:10:00,TARU,Tarumirim,16.2,98.5,0.57,24.702
2025-01-06 16:20:00,VIEI,Vieiras,33.94,98.18,0.685,7.214
2025-01-06 16:30:00,PAIP,Pai Pedro,15.24,100.7,0.744,11.585
2025-01-06 16:40:00,ABAE,Abaeté,28.1,102.0,0.923,1.944
2025-01-06 16:50:00,FRAN,Francisco Badaró,20.3,98.48,0.634,17.895
2025-01-06 17:00:00,ARAO,Araporã,25.15,102.9,0.519,21.548
2025-01-06 17:10:00,CONG,Cônego Marinho,31.84,99.43,0.449,6.278
2025-01-06 17:20:00,SENM,Senador Modestino Gonçalves,18.53,98.91,0.899,22.608
2025-01-06 17:30:00,OURF,Ouro Fino,24.3,98.46,0.612,24.625
2025-01-06 17:40:00,ENGN,Engenheiro Navarro,30.19,100.35,0.922,9.78
2025-01-06 17:50:00,SATM,Santana do Manhuaçu,19.77,101.77,0.891,16.084
2025-01-06 18:00:00,SAJD,São João da Ponte,31.84,98.97,0.484,3.006
2025-01-06 18:10:00,PERD,Perdigão,16.66,101.24,0.887,14.03
2025-01-06 18:20:00,ITAP,Itaipé,26.33,101.84,0.495,24.044
2025-01-06 18:30:00,PEDA,Pedra Bonita,27.92,101.6,0.764,21.151
2025-01-06 18:40:00,SAOO,Santo Antônio do Retiro,18.91,99.02,0.931,17.309
2025-01-06 18:50:00,PRAT,Prata,19.28,102.66,0.638,24.293
2025-01-06 19:00:00,FRAI,Francisco Sá,15.86,102.17,0.676,12.564
2025-01-06 19:10:00,CARS,Carmópolis de Minas,33.91,98.06,0.609,19.496
2025-01-06 19:20:00,SAOD,São Domingos das Dores,24.93,98.18,0.862,11.443
2025-01-06 19:30:00,CAMM,Carmo da Mata,18.11,100.72,0.787,12.561
2025-01-06 19:40:00,CAPL,Capelinha,17.78,102.49,0.361,18.668
2025-01-06 19:50:00,SATG,Santana do Garambéu,34.22,98.31,0.72,15.949
2025-01-06 20:00:00,ITAJ,Itajubá,16.64,99.85,0.904,24.25
2025-01-06 20:10:00,SATJ,Santana do Jacaré,31.83,102.47,0.786,14.063
2025-01-06 20:20:00,ALTO,Alto Caparaó,17.95,98.81,0.941,3.64
2025-01-06 20:30:00,CAPI,Capim Branco,31.03,100.19,0.806,16.113
2025-01-06 20:40:00,OURP,Ouro Preto,32.15,101.18,0.341,19.617
2025-01-06 20:50:00,JURU,Juruaia,32.1,101.49,0.548,18.491
2025-01-06 21:00:00,ARCO,Arcos,28.71,100.1,0.689,6.396
2025-01-06 21:10:00,DION,Dionísio,15.18,98.46,0.567,8.857
2025-01-06 21:20:00,CRII,Cristiano Otoni,20.54,99.14,0.488,23.239
2025-01-06 21:30:00,REDU,Reduto,31.91,99.48,0.692,12.9
2025-01-06 21:40:00,PRED,Presidente Kubitschek,33.53,100.12,0.621,7.783
2025-01-06 21:50:00,CRUI,Cruzília,23.13,102.88,0.898,10.725
2025-01-06 22:00:00,CAMD,Campo do Meio,33.67,102.03,0.412,18.259
2025-01-06 22:10:00,SAJD,São João da Ponte,28.44,100.41,0.512,19.492
2025-01-06 22:20:00,JUVE,Juvenília,28.25,99.53,0.766,0.206
2025-01-06 22:30:00,CATA,Cataguases,18.05,99.27,0.92,12.047
2025-01-06 22:40:00,CAIT,Capitólio,18.73,102.38,0.822,13.434
2025-01-06 22:50:00,PONT,Ponte Nova,19.25,99.29,0.742,12.463
2025-01-06 23:00:00,SANJ,Santa Juliana,18.66,99.21,0.395,4.831
2025-01-06 23:10:00,CAND,Candeias,19.95,98.93,0.769,11.754
2025-01-06 23:20:00,PLAN,Planura,29.69,98.11,0.604,6.258
2025-01-06 23:30:00,PRED,Presidente Kubitschek,21.55,101.59,0.651,17.164
2025-01-06 23:40:00,BOTU,Botumirim,15.7,98.37,0.476,18.424
2025-01-06 23:50:00,SEMP,Sem-Peixe,34.46,99.99,0.887,9.067
2025-01-07 00:00:00,ANTI,Antônio Prado de Minas,22.16,98.1,0.313,15.774
2025-01-07 00:10:00,BERI,Berilo,21.83,98.35,0.642,3.346
2025-01-07 00:20:00,MANH,Manhuaçu,28.46,99.8,0.748,24.287
2025-01-07 00:30:00,OURO,Ouro Branco,23.31,102.17,0.819,1.21
2025-01-07 00:40:00,CAMF,Campo Florido,29.01,100.37,0.8,8.133
2025-01-07 00:50:00,GOUV,Gouveia,18.42,98.15,0.67,11.783
2025-01-07 01:00:00,AREA,Areado,22.06,100.21,0.554,2.656
2025-01-07 01:10:00,SERT,Seritinga,15.44,100.92,0.349,2.565
2025-01-07 01:20:00,CAPU,Caputira,21.68,98.73,0.457,13.035
2025-01-07 01:30:00,MACA,Machado,29.24,99.2,0.441,21.48
2025-01-07 01:40:00,MESQ,Mesquita,20.43,98.74,0.386,17.492
2025-01-07 01:50:00,COND,Conceição do Mato Dentro,19.38,101.06,0.643,4.396
2025-01-07 02:00:00,PERQ,Periquito,17.51,99.42,0.736,14.757
2025-01-07 02:10:00,PERD,Perdigão,21.78,99.45,0.63,11.07
2025-01-07 02:20:00,UBEL,Uberlândia,31.57,102.74,0.546,9.958
2025-01-07 02:30:00,SILV,Silveirânia,32.87,100.06,0.399,3.474
2025-01-07 02:40:00,MIRD,Miradouro,16.73,99.11,0.327,23.938
2025-01-07 02:50:00,GOIN,Goianá,34.7,98.42,0.644,6.682
2025-01-07 03:00:00,CAPS,Capitão Enéas,22.1,99.17,0.867,17.214
2025-01-07 03:10:00,PITA,Pitangui,31.04,98.65,0.463,12.006
2025-01-07 03:20:00,OLIE,Oliveira Fortes,32.24,99.74,0.802,4.455
2025-01-07 03:30:00,MONS,Monsenhor Paulo,33.63,100.02,0.448,1.802
2025-01-07 03:40:00,VARI,Varginha,24.02,100.09,0.749,24.717
2025-01-07 03:50:00,NOVM,Nova Módica,24.36,102.0,0.734,17.788
2025-01-07 04:00:00,FELI,Felício dos Santos,22.15,100.03,0.569,13.677
2025-01-07 04:10:00,BERI,Berilo,19.4,102.63,0.778,1.351
2025-01-07 04:20:00,PIRJ,Pirajuba,20.4,101.13,0.604,1.861
2025-01-07 04:30:00,CARL,Carlos Chagas,19.05,98.22,0.73,9.648
2025-01-07 04:40:00,FREL,Frei Lagonegro,32.11,101.93,0.829,24.17
2025-01-07 04:50:00,SABA,Sabará,33.53,99.0,0.465,1.862
2025-01-07 05:00:00,DORD,Dores do Indaiá,17.29,99.29,0.386,17.413
2025-01-07 05:10:00,SATE,Santana do Deserto,26.4,100.58,0.544,6.663
2025-01-07 05:20:00,CARN,Caranaíba,17.26,99.7,0.737,13.967
2025-01-07 05:30:00,SATS,Santana dos Montes,15.36,100.9,0.401,10.288
2025-01-07 05:40:00,CAMO,Campo Azul,29.59,98.96,0.927,13.402
2025-01-07 05:50:00,ESPE,Espera Feliz,32.27,100.21,0.641,13.73
2025-01-07 06:00:00,MONB,Monte Belo,15.15,99.28,0.383,18.076
2025-01-07 06:10:00,FELS,Felisburgo,27.05,98.32,0.907,4.635
2025-01-07 06:20:00,LASS,Lassance,25.75,101.0,0.722,11.928
2025-01-07 06:30:00,IPAT,Ipatinga,30.98,100.69,0.37,5.396
2025-01-07 06:40:00,SAOE,São Geraldo,23.18,98.08,0.541,13.733
2025-01-07 06:50:00,AREA,Areado,19.6,98.45,0.77,21.606
2025-01-07 07:00:00,PAPA,Papagaios,17.23,101.9,0.807,14.452
2025-01-07 07:10:00,MUZA,Muzambinho,16.17,100.29,0.939,4.015
2025-01-07 07:20:00,BRAI,Brasilândia de Minas,28.93,102.26,0.817,20.827
2025-01-07 07:30:00,ABAD,Abadia dos Dourados,30.97,98.76,0.533,5.128
2025-01-07 07:40:00,RAUL,Raul Soares,20.05,100.34,0.632,10.599
2025-01-07 07:50:00,SAOX,São Geraldo do Baixio,17.01,101.87,0.719,5.183
2025-01-07 08:00:00,SATP,Santana do Paraíso,19.21,102.86,0.334,2.025
2025-01-07 08:10:00,SABA,Sabará,26.75,102.87,0.772,10.217
2025-01-07 08:20:00,SAOD,São Domingos das Dores,31.28,100.46,0.373,24.6
2025-01-07 08:30:00,CAMO,Campo Azul,29.1,98.7,0.679,20.887
2025-01-07 08:40:00,ALEM,Além Paraíba,28.67,101.38,0.356,18.37
2025-01-07 08:50:00,PESC,Pescador,26.84,102.08,0.459,10.908
2025-01-07 09:00:00,AGUN,Aguanil,24.69,102.84,0.892,24.279
2025-01-07 09:10:00,TOMB,Tombos,20.59,101.25,0.616,17.718
2025-01-07 09:20:00,CASC,Cascalho Rico,30.42,100.98,0.782,23.351
2025-01-07 09:30:00,JEQI,Jequitaí,20.17,98.3,0.375,6.772
2025-01-07 09:40:00,TUPA,Tupaciguara,24.5,99.48,0.745,24.673
2025-01-07 09:50:00,SAOM,São Domingos do Prata,22.23,100.1,0.553,4.891
2025-01-07 10:00:00,DOMJ,Dom Joaquim,16.79,100.3,0.38,3.469
2025-01-07 10:10:00,SANL,Santa Luzia,23.15,98.82,0.611,23.74
2025-01-07 10:20:00,MARD,Mar de Espanha,21.17,101.02,0.409,4.756
2025-01-07 10:30:00,SAOS,São Francisco de Sales,17.25,99.6,0.304,0.17
2025-01-07 10:40:00,MARI,Maria da Fé,33.18,102.02,0.769,5.366
2025-01-07 10:50:00,PAPA,Papagaios,24.76,98.46,0.78,5.247
2025-01-07 11:00:00,BRUM,Brumadinho,23.71,98.16,0.531,7.45
2025-01-07 11:10:00,SENP,Senhora do Porto,15.51,100.6,0.601,22.9
2025-01-07 11:20:00,PASB,Passabém,31.01,102.45,0.442,6.957
2025-01-07 11:30:00,SARO,São Romão,22.77,100.12,0.834,11.717
2025-01-07 11:40:00,CAET,Caetanópolis,23.23,101.55,0.721,4.161
2025-01-07 11:50:00,CARM,Carmésia,21.84,99.56,0.592,22.888
2025-01-07 12:00:00,FLOR,Florestal,33.77,99.42,0.865,2.672
2025-01-07 12:10:00,FREN,Frei Inocêncio,15.1,101.82,0.89,9.424
2025-01-07 12:20:00,SASB,São Sebastião da Bela Vista,23.19,99.43,0.38,11.728
2025-01-07 12:30:00,SATJ,Santana do Jacaré,21.24,102.18,0.515,0.29
2025-01-07 12:40:00,CONF,Confins,33.07,101.7,0.541,3.497
2025-01-07 12:50:00,SATP,Santana do Paraíso,31.79,100.2,0.501,22.963
2025-01-07 13:00:00,CORR,Córrego Danta,21.65,102.67,0.341,11.274
2025-01-07 13:10:00,URUA,Uruana de Minas,32.68,103.0,0.657,22.078
2025-01-07 13:20:00,BONF,Bonfim,29.71,99.46,0.468,21.535
2025-01-07 13:30:00,RITA,Ritápolis,17.61,98.97,0.894,23.162
2025-01-07 13:40:00,PEDA,Pedra Bonita,32.97,98.51,0.4,9.743
2025-01-07 13:50:00,DOMS,Dom Silvério,22.53,98.24,0.585,20.747
2025-01-07 14:00:00,BRAL,Brasília de Minas,28.93,98.59,0.819,15.608
2025-01-07 14:10:00,CORG,Córrego do Bom Jesus,15.01,101.97,0.497,9.902
2025-01-07 14:20:00,PING,Pingo-d'Água,34.01,98.96,0.731,6.015
2025-01-07 14:30:00,ARAO,Araporã,19.73,100.8,0.913,15.528
2025-01-07 14:40:00,JURU,Juruaia,32.23,99.26,0.43,15.148
2025-01-07 14:50:00,PEDU,Pedra Dourada,22.63,99.48,0.348,15.305
2025-01-07 15:00:00,VERM,Vermelho Novo,24.39,102.17,0.707,21.83
2025-01-07 15:10:00,BAND,Bandeira,23.31,99.49,0.637,11.449
2025-01-07 15:20:00,COIM,Coimbra,16.42,101.14,0.375,22.324
2025-01-07 15:30:00,LAGU,Lagoa Dourada,21.5,101.52,0.647,9.684
2025-01-07 15:40:00,FELI,Felício dos Santos,24.02,98.63,0.476,23.854
2025-01-07 15:50:00,OLIV,Oliveira,20.51,101.76,0.474,21.347
2025-01-07 16:00:00,DORS,Dores de Guanhães,16.18,100.47,0.82,12.635
2025-01-07 16:10:00,CANP,Canápolis,24.99,98.14,0.861,4.698
2025-01-07 16:20:00,ABRE,Abre Campo,34.5,99.23,0.705,14.701
2025-01-07 16:30:00,SANI,Santa Maria de Itabira,24.82,98.34,0.319,6.951
2025-01-07 16:40:00,CASA,Casa Grande,17.37,102.95,0.676,14.346
2025-01-07 16:50:00,SABA,Sabará,32.48,98.76,0.531,24.294
2025-01-07 17:00:00,BARA,Barão de Cocais,28.99,98.75,0.745,4.44
2025-01-07 17:10:00,LAVR,Lavras,23.54,101.19,0.838,15.133
2025-01-07 17:20:00,CAME,Campestre,28.48,101.66,0.905,0.12
2025-01-07 17:30:00,BOME,Bom Jesus da Penha,24.98,100.26,0.585,15.086
2025-01-07 17:40:00,FRAC,Francisco Dumont,23.85,99.27,0.606,9.542
2025-01-07 17:50:00,MIRV,Miravânia,22.26,102.0,0.646,19.396
2025-01-07 18:00:00,JAIB,Jaíba,15.51,100.79,0.339,15.472
2025-01-07 18:10:00,BOMD,Bom Despacho,21.28,101.27,0.415,7.676
2025-01-07 18:20:00,CORN,Corinto,17.51,102.13,0.417,11.108
2025-01-07 18:30:00,RAPO,Raposos,20.11,100.84,0.822,9.302
2025-01-07 18:40:00,GUAD,Guarda-Mor,30.6,100.72,0.687,23.402
2025-01-07 18:50:00,CONH,Congonhas,31.59,102.01,0.787,22.428
2025-01-07 19:00:00,MIRI,Miraí,19.62,100.09,0.911,17.56
2025-01-07 19:10:00,JOSR,José Raydan,19.62,98.11,0.498,2.416
2025-01-07 19:20:00,ANGE,Angelândia,30.51,98.25,0.628,19.244
2025-01-07 19:30:00,ATAL,Ataléia,25.6,98.95,0.626,12.98
2025-01-07 19:40:00,NOVU,Nova União,20.31,98.83,0.875,4.094
2025-01-07 19:50:00,CAMM,Carmo da Mata,27.0,102.56,0.705,7.533
2025-01-07 20:00:00,ALTJ,Alto Jequitibá,25.7,100.17,0.691,5.06
2025-01-07 20:10:00,PADR,Padre Carvalho,25.44,98.24,0.924,1.504
2025-01-07 20:20:00,UBAX,Ubá,27.39,102.46,0.756,24.707
2025-01-07 20:30:00,SANF,Santa Fé de Minas,25.39,99.99,0.696,2.732
2025-01-07 20:40:00,FERN,Fernandes Tourinho,34.4,101.74,0.58,0.969
2025-01-07 20:50:00,LEAN,Leandro Ferreira,33.08,101.31,0.44,5.657
2025-01-07 21:00:00,CARG,Carangola,26.52,99.15,0.456,11.35
2025-01-07 21:10:00,CASA,Casa Grande,31.71,101.34,0.811,16.366
2025-01-07 21:20:00,DIOG,Diogo de Vasconcelos,21.78,100.08,0.913,10.682
2025-01-07 21:30:00,GUAE,Guaranésia,27.88,102.6,0.879,13.656
2025-01-07 21:40:00,MARI,Maria da Fé,27.25,100.57,0.5,20.821
2025-01-07 21:50:00,FORM,Formiga,19.98,100.03,0.772,18.236
2025-01-07 22:00:00,CAMS,Campos Altos,18.37,100.93,0.774,13.019
2025-01-07 22:10:00,SAOS,São Francisco de Sales,17.43,101.55,0.775,2.327
2025-01-07 22:20:00,COMR,Comercinho,16.02,102.3,0.884,9.861
2025-01-07 22:30:00,SAOS,São Francisco de Sales,30.01,100.84,0.535,23.5
